iso3,country,measure,value,year,source,source_url,retrieved_utc
USA,United States,ipd_alignment_score_us_china_axis_2023_allvotes,1.000000,2023,"Airaudo, F.S., de Soyres, F., Richards, K. & Santacreu, A.M. (2025). ""Fragmentation? Revisiting the Ideal Point Distance measure of geopolitical distance."" FEDS Notes, Board of Governors of the Federal Reserve System, March 21, 2025, doi:10.17016/2380-7172.3749. Table/Figure 1 accessible-data version.",https://federalreserve.gov/econres/notes/feds-notes/fragmentation-revisiting-the-ideal-point-distance-measure-of-geopolitical-distance-accessible-20250321.htm,2026-09-01T00:00:00Z
USA,United States,ipd_alignment_score_us_china_axis_2021_allvotes,1.000000,2021,"Airaudo, F.S., de Soyres, F., Richards, K. & Santacreu, A.M. (2025). ""Fragmentation? Revisiting the Ideal Point Distance measure of geopolitical distance."" FEDS Notes, Board of Governors of the Federal Reserve System, March 21, 2025, doi:10.17016/2380-7172.3749. Table/Figure 1 accessible-data version.",https://federalreserve.gov/econres/notes/feds-notes/fragmentation-revisiting-the-ideal-point-distance-measure-of-geopolitical-distance-accessible-20250321.htm,2026-09-01T00:00:00Z
USA,United States,ipd_alignment_score_us_china_axis_2021_econvotes,1.000000,2021,"Airaudo, F.S., de Soyres, F., Richards, K. & Santacreu, A.M. (2025). ""Fragmentation? Revisiting the Ideal Point Distance measure of geopolitical distance."" FEDS Notes, Board of Governors of the Federal Reserve System, March 21, 2025, doi:10.17016/2380-7172.3749. Table/Figure 1 accessible-data version.",https://federalreserve.gov/econres/notes/feds-notes/fragmentation-revisiting-the-ideal-point-distance-measure-of-geopolitical-distance-accessible-20250321.htm,2026-09-01T00:00:00Z
USA,United States,ipd_alignment_score_us_china_axis_2021_allvotes_post1990,1.000000,2021,"Airaudo, F.S., de Soyres, F., Richards, K. & Santacreu, A.M. (2025). ""Fragmentation? Revisiting the Ideal Point Distance measure of geopolitical distance."" FEDS Notes, Board of Governors of the Federal Reserve System, March 21, 2025, doi:10.17016/2380-7172.3749. Table/Figure 1 accessible-data version.",https://federalreserve.gov/econres/notes/feds-notes/fragmentation-revisiting-the-ideal-point-distance-measure-of-geopolitical-distance-accessible-20250321.htm,2026-09-01T00:00:00Z
USA,United States,member_CPTPP,0,2026,"Wikipedia, ""Member states of the Comprehensive and Progressive Agreement for Trans-Pacific Partnership"" (compiled from official accession instruments); cross-check: Global Affairs Canada CPTPP page.",https://en.wikipedia.org/wiki/Member_states_of_the_Comprehensive_and_Progressive_Agreement_for_Trans-Pacific_Partnership,2026-09-01T00:00:00Z
USA,United States,member_RCEP,0,2026,"Wikipedia, ""Regional Comprehensive Economic Partnership""; cross-check: DFAT Australia RCEP page.",https://en.wikipedia.org/wiki/Regional_Comprehensive_Economic_Partnership,2026-09-01T00:00:00Z
USA,United States,member_IPEF,1,2026,"Wikipedia, ""Indo-Pacific Economic Framework""; cross-check: USTR IPEF page.",https://en.wikipedia.org/wiki/Indo-Pacific_Economic_Framework,2026-09-01T00:00:00Z
USA,United States,member_USMCA,1,2026,"USTR, Agreement between the United States, Mexico and Canada (USMCA), in force since 1 July 2020.",https://ustr.gov/trade-agreements/free-trade-agreements/agreement-between-united-states-mexico-and-canada-usmca,2026-09-01T00:00:00Z
USA,United States,member_EU,0,2026,"European Union, official list of member states.",https://european-union.europa.eu/principles-countries-history/country-profiles_en,2026-09-01T00:00:00Z
USA,United States,member_NATO,1,2026,"NATO, official member countries page.",https://www.nato.int/en/about-us/organization/nato-member-countries,2026-09-01T00:00:00Z
USA,United States,member_QUAD,1,2026,"U.S. Department of State, Quadrilateral Security Dialogue (Australia, India, Japan, United States).",https://www.state.gov/quad-countries-joint-leaders-statement/,2026-09-01T00:00:00Z
CHN,China,ipd_alignment_score_us_china_axis_2023_allvotes,-1.000000,2023,"Airaudo, F.S., de Soyres, F., Richards, K. & Santacreu, A.M. (2025). ""Fragmentation? Revisiting the Ideal Point Distance measure of geopolitical distance."" FEDS Notes, Board of Governors of the Federal Reserve System, March 21, 2025, doi:10.17016/2380-7172.3749. Table/Figure 1 accessible-data version.",https://federalreserve.gov/econres/notes/feds-notes/fragmentation-revisiting-the-ideal-point-distance-measure-of-geopolitical-distance-accessible-20250321.htm,2026-09-01T00:00:00Z
CHN,China,ipd_alignment_score_us_china_axis_2021_allvotes,-1.000000,2021,"Airaudo, F.S., de Soyres, F., Richards, K. & Santacreu, A.M. (2025). ""Fragmentation? Revisiting the Ideal Point Distance measure of geopolitical distance."" FEDS Notes, Board of Governors of the Federal Reserve System, March 21, 2025, doi:10.17016/2380-7172.3749. Table/Figure 1 accessible-data version.",https://federalreserve.gov/econres/notes/feds-notes/fragmentation-revisiting-the-ideal-point-distance-measure-of-geopolitical-distance-accessible-20250321.htm,2026-09-01T00:00:00Z
CHN,China,ipd_alignment_score_us_china_axis_2021_econvotes,-1.000000,2021,"Airaudo, F.S., de Soyres, F., Richards, K. & Santacreu, A.M. (2025). ""Fragmentation? Revisiting the Ideal Point Distance measure of geopolitical distance."" FEDS Notes, Board of Governors of the Federal Reserve System, March 21, 2025, doi:10.17016/2380-7172.3749. Table/Figure 1 accessible-data version.",https://federalreserve.gov/econres/notes/feds-notes/fragmentation-revisiting-the-ideal-point-distance-measure-of-geopolitical-distance-accessible-20250321.htm,2026-09-01T00:00:00Z
CHN,China,ipd_alignment_score_us_china_axis_2021_allvotes_post1990,-1.000000,2021,"Airaudo, F.S., de Soyres, F., Richards, K. & Santacreu, A.M. (2025). ""Fragmentation? Revisiting the Ideal Point Distance measure of geopolitical distance."" FEDS Notes, Board of Governors of the Federal Reserve System, March 21, 2025, doi:10.17016/2380-7172.3749. Table/Figure 1 accessible-data version.",https://federalreserve.gov/econres/notes/feds-notes/fragmentation-revisiting-the-ideal-point-distance-measure-of-geopolitical-distance-accessible-20250321.htm,2026-09-01T00:00:00Z
CHN,China,member_CPTPP,0,2026,"Wikipedia, ""Member states of the Comprehensive and Progressive Agreement for Trans-Pacific Partnership"" (compiled from official accession instruments); cross-check: Global Affairs Canada CPTPP page.",https://en.wikipedia.org/wiki/Member_states_of_the_Comprehensive_and_Progressive_Agreement_for_Trans-Pacific_Partnership,2026-09-01T00:00:00Z
CHN,China,member_RCEP,1,2026,"Wikipedia, ""Regional Comprehensive Economic Partnership""; cross-check: DFAT Australia RCEP page.",https://en.wikipedia.org/wiki/Regional_Comprehensive_Economic_Partnership,2026-09-01T00:00:00Z
CHN,China,member_IPEF,0,2026,"Wikipedia, ""Indo-Pacific Economic Framework""; cross-check: USTR IPEF page.",https://en.wikipedia.org/wiki/Indo-Pacific_Economic_Framework,2026-09-01T00:00:00Z
CHN,China,member_USMCA,0,2026,"USTR, Agreement between the United States, Mexico and Canada (USMCA), in force since 1 July 2020.",https://ustr.gov/trade-agreements/free-trade-agreements/agreement-between-united-states-mexico-and-canada-usmca,2026-09-01T00:00:00Z
CHN,China,member_EU,0,2026,"European Union, official list of member states.",https://european-union.europa.eu/principles-countries-history/country-profiles_en,2026-09-01T00:00:00Z
CHN,China,member_NATO,0,2026,"NATO, official member countries page.",https://www.nato.int/en/about-us/organization/nato-member-countries,2026-09-01T00:00:00Z
CHN,China,member_QUAD,0,2026,"U.S. Department of State, Quadrilateral Security Dialogue (Australia, India, Japan, United States).",https://www.state.gov/quad-countries-joint-leaders-statement/,2026-09-01T00:00:00Z
IND,India,ipd_alignment_score_us_china_axis_2023_allvotes,-0.689996,2023,"Airaudo, F.S., de Soyres, F., Richards, K. & Santacreu, A.M. (2025). ""Fragmentation? Revisiting the Ideal Point Distance measure of geopolitical distance."" FEDS Notes, Board of Governors of the Federal Reserve System, March 21, 2025, doi:10.17016/2380-7172.3749. Table/Figure 1 accessible-data version.",https://federalreserve.gov/econres/notes/feds-notes/fragmentation-revisiting-the-ideal-point-distance-measure-of-geopolitical-distance-accessible-20250321.htm,2026-09-01T00:00:00Z
IND,India,ipd_alignment_score_us_china_axis_2021_allvotes,-0.886631,2021,"Airaudo, F.S., de Soyres, F., Richards, K. & Santacreu, A.M. (2025). ""Fragmentation? Revisiting the Ideal Point Distance measure of geopolitical distance."" FEDS Notes, Board of Governors of the Federal Reserve System, March 21, 2025, doi:10.17016/2380-7172.3749. Table/Figure 1 accessible-data version.",https://federalreserve.gov/econres/notes/feds-notes/fragmentation-revisiting-the-ideal-point-distance-measure-of-geopolitical-distance-accessible-20250321.htm,2026-09-01T00:00:00Z
IND,India,ipd_alignment_score_us_china_axis_2021_econvotes,-0.857772,2021,"Airaudo, F.S., de Soyres, F., Richards, K. & Santacreu, A.M. (2025). ""Fragmentation? Revisiting the Ideal Point Distance measure of geopolitical distance."" FEDS Notes, Board of Governors of the Federal Reserve System, March 21, 2025, doi:10.17016/2380-7172.3749. Table/Figure 1 accessible-data version.",https://federalreserve.gov/econres/notes/feds-notes/fragmentation-revisiting-the-ideal-point-distance-measure-of-geopolitical-distance-accessible-20250321.htm,2026-09-01T00:00:00Z
IND,India,ipd_alignment_score_us_china_axis_2021_allvotes_post1990,-0.881379,2021,"Airaudo, F.S., de Soyres, F., Richards, K. & Santacreu, A.M. (2025). ""Fragmentation? Revisiting the Ideal Point Distance measure of geopolitical distance."" FEDS Notes, Board of Governors of the Federal Reserve System, March 21, 2025, doi:10.17016/2380-7172.3749. Table/Figure 1 accessible-data version.",https://federalreserve.gov/econres/notes/feds-notes/fragmentation-revisiting-the-ideal-point-distance-measure-of-geopolitical-distance-accessible-20250321.htm,2026-09-01T00:00:00Z
IND,India,member_CPTPP,0,2026,"Wikipedia, ""Member states of the Comprehensive and Progressive Agreement for Trans-Pacific Partnership"" (compiled from official accession instruments); cross-check: Global Affairs Canada CPTPP page.",https://en.wikipedia.org/wiki/Member_states_of_the_Comprehensive_and_Progressive_Agreement_for_Trans-Pacific_Partnership,2026-09-01T00:00:00Z
IND,India,member_RCEP,0,2026,"Wikipedia, ""Regional Comprehensive Economic Partnership""; cross-check: DFAT Australia RCEP page.",https://en.wikipedia.org/wiki/Regional_Comprehensive_Economic_Partnership,2026-09-01T00:00:00Z
IND,India,member_IPEF,1,2026,"Wikipedia, ""Indo-Pacific Economic Framework""; cross-check: USTR IPEF page.",https://en.wikipedia.org/wiki/Indo-Pacific_Economic_Framework,2026-09-01T00:00:00Z
IND,India,member_USMCA,0,2026,"USTR, Agreement between the United States, Mexico and Canada (USMCA), in force since 1 July 2020.",https://ustr.gov/trade-agreements/free-trade-agreements/agreement-between-united-states-mexico-and-canada-usmca,2026-09-01T00:00:00Z
IND,India,member_EU,0,2026,"European Union, official list of member states.",https://european-union.europa.eu/principles-countries-history/country-profiles_en,2026-09-01T00:00:00Z
IND,India,member_NATO,0,2026,"NATO, official member countries page.",https://www.nato.int/en/about-us/organization/nato-member-countries,2026-09-01T00:00:00Z
IND,India,member_QUAD,1,2026,"U.S. Department of State, Quadrilateral Security Dialogue (Australia, India, Japan, United States).",https://www.state.gov/quad-countries-joint-leaders-statement/,2026-09-01T00:00:00Z
DEU,Germany,ipd_alignment_score_us_china_axis_2023_allvotes,0.329328,2023,"Airaudo, F.S., de Soyres, F., Richards, K. & Santacreu, A.M. (2025). ""Fragmentation? Revisiting the Ideal Point Distance measure of geopolitical distance."" FEDS Notes, Board of Governors of the Federal Reserve System, March 21, 2025, doi:10.17016/2380-7172.3749. Table/Figure 1 accessible-data version.",https://federalreserve.gov/econres/notes/feds-notes/fragmentation-revisiting-the-ideal-point-distance-measure-of-geopolitical-distance-accessible-20250321.htm,2026-09-01T00:00:00Z
DEU,Germany,ipd_alignment_score_us_china_axis_2021_allvotes,0.033601,2021,"Airaudo, F.S., de Soyres, F., Richards, K. & Santacreu, A.M. (2025). ""Fragmentation? Revisiting the Ideal Point Distance measure of geopolitical distance."" FEDS Notes, Board of Governors of the Federal Reserve System, March 21, 2025, doi:10.17016/2380-7172.3749. Table/Figure 1 accessible-data version.",https://federalreserve.gov/econres/notes/feds-notes/fragmentation-revisiting-the-ideal-point-distance-measure-of-geopolitical-distance-accessible-20250321.htm,2026-09-01T00:00:00Z
DEU,Germany,ipd_alignment_score_us_china_axis_2021_econvotes,0.202240,2021,"Airaudo, F.S., de Soyres, F., Richards, K. & Santacreu, A.M. (2025). ""Fragmentation? Revisiting the Ideal Point Distance measure of geopolitical distance."" FEDS Notes, Board of Governors of the Federal Reserve System, March 21, 2025, doi:10.17016/2380-7172.3749. Table/Figure 1 accessible-data version.",https://federalreserve.gov/econres/notes/feds-notes/fragmentation-revisiting-the-ideal-point-distance-measure-of-geopolitical-distance-accessible-20250321.htm,2026-09-01T00:00:00Z
DEU,Germany,ipd_alignment_score_us_china_axis_2021_allvotes_post1990,0.040922,2021,"Airaudo, F.S., de Soyres, F., Richards, K. & Santacreu, A.M. (2025). ""Fragmentation? Revisiting the Ideal Point Distance measure of geopolitical distance."" FEDS Notes, Board of Governors of the Federal Reserve System, March 21, 2025, doi:10.17016/2380-7172.3749. Table/Figure 1 accessible-data version.",https://federalreserve.gov/econres/notes/feds-notes/fragmentation-revisiting-the-ideal-point-distance-measure-of-geopolitical-distance-accessible-20250321.htm,2026-09-01T00:00:00Z
DEU,Germany,member_CPTPP,0,2026,"Wikipedia, ""Member states of the Comprehensive and Progressive Agreement for Trans-Pacific Partnership"" (compiled from official accession instruments); cross-check: Global Affairs Canada CPTPP page.",https://en.wikipedia.org/wiki/Member_states_of_the_Comprehensive_and_Progressive_Agreement_for_Trans-Pacific_Partnership,2026-09-01T00:00:00Z
DEU,Germany,member_RCEP,0,2026,"Wikipedia, ""Regional Comprehensive Economic Partnership""; cross-check: DFAT Australia RCEP page.",https://en.wikipedia.org/wiki/Regional_Comprehensive_Economic_Partnership,2026-09-01T00:00:00Z
DEU,Germany,member_IPEF,0,2026,"Wikipedia, ""Indo-Pacific Economic Framework""; cross-check: USTR IPEF page.",https://en.wikipedia.org/wiki/Indo-Pacific_Economic_Framework,2026-09-01T00:00:00Z
DEU,Germany,member_USMCA,0,2026,"USTR, Agreement between the United States, Mexico and Canada (USMCA), in force since 1 July 2020.",https://ustr.gov/trade-agreements/free-trade-agreements/agreement-between-united-states-mexico-and-canada-usmca,2026-09-01T00:00:00Z
DEU,Germany,member_EU,1,2026,"European Union, official list of member states.",https://european-union.europa.eu/principles-countries-history/country-profiles_en,2026-09-01T00:00:00Z
DEU,Germany,member_NATO,1,2026,"NATO, official member countries page.",https://www.nato.int/en/about-us/organization/nato-member-countries,2026-09-01T00:00:00Z
DEU,Germany,member_QUAD,0,2026,"U.S. Department of State, Quadrilateral Security Dialogue (Australia, India, Japan, United States).",https://www.state.gov/quad-countries-joint-leaders-statement/,2026-09-01T00:00:00Z
JPN,Japan,ipd_alignment_score_us_china_axis_2023_allvotes,0.025080,2023,"Airaudo, F.S., de Soyres, F., Richards, K. & Santacreu, A.M. (2025). ""Fragmentation? Revisiting the Ideal Point Distance measure of geopolitical distance."" FEDS Notes, Board of Governors of the Federal Reserve System, March 21, 2025, doi:10.17016/2380-7172.3749. Table/Figure 1 accessible-data version.",https://federalreserve.gov/econres/notes/feds-notes/fragmentation-revisiting-the-ideal-point-distance-measure-of-geopolitical-distance-accessible-20250321.htm,2026-09-01T00:00:00Z
JPN,Japan,ipd_alignment_score_us_china_axis_2021_allvotes,-0.322189,2021,"Airaudo, F.S., de Soyres, F., Richards, K. & Santacreu, A.M. (2025). ""Fragmentation? Revisiting the Ideal Point Distance measure of geopolitical distance."" FEDS Notes, Board of Governors of the Federal Reserve System, March 21, 2025, doi:10.17016/2380-7172.3749. Table/Figure 1 accessible-data version.",https://federalreserve.gov/econres/notes/feds-notes/fragmentation-revisiting-the-ideal-point-distance-measure-of-geopolitical-distance-accessible-20250321.htm,2026-09-01T00:00:00Z
JPN,Japan,ipd_alignment_score_us_china_axis_2021_econvotes,-0.389732,2021,"Airaudo, F.S., de Soyres, F., Richards, K. & Santacreu, A.M. (2025). ""Fragmentation? Revisiting the Ideal Point Distance measure of geopolitical distance."" FEDS Notes, Board of Governors of the Federal Reserve System, March 21, 2025, doi:10.17016/2380-7172.3749. Table/Figure 1 accessible-data version.",https://federalreserve.gov/econres/notes/feds-notes/fragmentation-revisiting-the-ideal-point-distance-measure-of-geopolitical-distance-accessible-20250321.htm,2026-09-01T00:00:00Z
JPN,Japan,ipd_alignment_score_us_china_axis_2021_allvotes_post1990,-0.307721,2021,"Airaudo, F.S., de Soyres, F., Richards, K. & Santacreu, A.M. (2025). ""Fragmentation? Revisiting the Ideal Point Distance measure of geopolitical distance."" FEDS Notes, Board of Governors of the Federal Reserve System, March 21, 2025, doi:10.17016/2380-7172.3749. Table/Figure 1 accessible-data version.",https://federalreserve.gov/econres/notes/feds-notes/fragmentation-revisiting-the-ideal-point-distance-measure-of-geopolitical-distance-accessible-20250321.htm,2026-09-01T00:00:00Z
JPN,Japan,member_CPTPP,1,2026,"Wikipedia, ""Member states of the Comprehensive and Progressive Agreement for Trans-Pacific Partnership"" (compiled from official accession instruments); cross-check: Global Affairs Canada CPTPP page.",https://en.wikipedia.org/wiki/Member_states_of_the_Comprehensive_and_Progressive_Agreement_for_Trans-Pacific_Partnership,2026-09-01T00:00:00Z
JPN,Japan,member_RCEP,1,2026,"Wikipedia, ""Regional Comprehensive Economic Partnership""; cross-check: DFAT Australia RCEP page.",https://en.wikipedia.org/wiki/Regional_Comprehensive_Economic_Partnership,2026-09-01T00:00:00Z
JPN,Japan,member_IPEF,1,2026,"Wikipedia, ""Indo-Pacific Economic Framework""; cross-check: USTR IPEF page.",https://en.wikipedia.org/wiki/Indo-Pacific_Economic_Framework,2026-09-01T00:00:00Z
JPN,Japan,member_USMCA,0,2026,"USTR, Agreement between the United States, Mexico and Canada (USMCA), in force since 1 July 2020.",https://ustr.gov/trade-agreements/free-trade-agreements/agreement-between-united-states-mexico-and-canada-usmca,2026-09-01T00:00:00Z
JPN,Japan,member_EU,0,2026,"European Union, official list of member states.",https://european-union.europa.eu/principles-countries-history/country-profiles_en,2026-09-01T00:00:00Z
JPN,Japan,member_NATO,0,2026,"NATO, official member countries page.",https://www.nato.int/en/about-us/organization/nato-member-countries,2026-09-01T00:00:00Z
JPN,Japan,member_QUAD,1,2026,"U.S. Department of State, Quadrilateral Security Dialogue (Australia, India, Japan, United States).",https://www.state.gov/quad-countries-joint-leaders-statement/,2026-09-01T00:00:00Z
KOR,Korea Rep.,ipd_alignment_score_us_china_axis_2023_allvotes,0.110855,2023,"Airaudo, F.S., de Soyres, F., Richards, K. & Santacreu, A.M. (2025). ""Fragmentation? Revisiting the Ideal Point Distance measure of geopolitical distance."" FEDS Notes, Board of Governors of the Federal Reserve System, March 21, 2025, doi:10.17016/2380-7172.3749. Table/Figure 1 accessible-data version.",https://federalreserve.gov/econres/notes/feds-notes/fragmentation-revisiting-the-ideal-point-distance-measure-of-geopolitical-distance-accessible-20250321.htm,2026-09-01T00:00:00Z
KOR,Korea Rep.,ipd_alignment_score_us_china_axis_2021_allvotes,-0.143441,2021,"Airaudo, F.S., de Soyres, F., Richards, K. & Santacreu, A.M. (2025). ""Fragmentation? Revisiting the Ideal Point Distance measure of geopolitical distance."" FEDS Notes, Board of Governors of the Federal Reserve System, March 21, 2025, doi:10.17016/2380-7172.3749. Table/Figure 1 accessible-data version.",https://federalreserve.gov/econres/notes/feds-notes/fragmentation-revisiting-the-ideal-point-distance-measure-of-geopolitical-distance-accessible-20250321.htm,2026-09-01T00:00:00Z
KOR,Korea Rep.,ipd_alignment_score_us_china_axis_2021_econvotes,0.129328,2021,"Airaudo, F.S., de Soyres, F., Richards, K. & Santacreu, A.M. (2025). ""Fragmentation? Revisiting the Ideal Point Distance measure of geopolitical distance."" FEDS Notes, Board of Governors of the Federal Reserve System, March 21, 2025, doi:10.17016/2380-7172.3749. Table/Figure 1 accessible-data version.",https://federalreserve.gov/econres/notes/feds-notes/fragmentation-revisiting-the-ideal-point-distance-measure-of-geopolitical-distance-accessible-20250321.htm,2026-09-01T00:00:00Z
KOR,Korea Rep.,ipd_alignment_score_us_china_axis_2021_allvotes_post1990,-0.131562,2021,"Airaudo, F.S., de Soyres, F., Richards, K. & Santacreu, A.M. (2025). ""Fragmentation? Revisiting the Ideal Point Distance measure of geopolitical distance."" FEDS Notes, Board of Governors of the Federal Reserve System, March 21, 2025, doi:10.17016/2380-7172.3749. Table/Figure 1 accessible-data version.",https://federalreserve.gov/econres/notes/feds-notes/fragmentation-revisiting-the-ideal-point-distance-measure-of-geopolitical-distance-accessible-20250321.htm,2026-09-01T00:00:00Z
KOR,Korea Rep.,member_CPTPP,0,2026,"Wikipedia, ""Member states of the Comprehensive and Progressive Agreement for Trans-Pacific Partnership"" (compiled from official accession instruments); cross-check: Global Affairs Canada CPTPP page.",https://en.wikipedia.org/wiki/Member_states_of_the_Comprehensive_and_Progressive_Agreement_for_Trans-Pacific_Partnership,2026-09-01T00:00:00Z
KOR,Korea Rep.,member_RCEP,1,2026,"Wikipedia, ""Regional Comprehensive Economic Partnership""; cross-check: DFAT Australia RCEP page.",https://en.wikipedia.org/wiki/Regional_Comprehensive_Economic_Partnership,2026-09-01T00:00:00Z
KOR,Korea Rep.,member_IPEF,1,2026,"Wikipedia, ""Indo-Pacific Economic Framework""; cross-check: USTR IPEF page.",https://en.wikipedia.org/wiki/Indo-Pacific_Economic_Framework,2026-09-01T00:00:00Z
KOR,Korea Rep.,member_USMCA,0,2026,"USTR, Agreement between the United States, Mexico and Canada (USMCA), in force since 1 July 2020.",https://ustr.gov/trade-agreements/free-trade-agreements/agreement-between-united-states-mexico-and-canada-usmca,2026-09-01T00:00:00Z
KOR,Korea Rep.,member_EU,0,2026,"European Union, official list of member states.",https://european-union.europa.eu/principles-countries-history/country-profiles_en,2026-09-01T00:00:00Z
KOR,Korea Rep.,member_NATO,0,2026,"NATO, official member countries page.",https://www.nato.int/en/about-us/organization/nato-member-countries,2026-09-01T00:00:00Z
KOR,Korea Rep.,member_QUAD,0,2026,"U.S. Department of State, Quadrilateral Security Dialogue (Australia, India, Japan, United States).",https://www.state.gov/quad-countries-joint-leaders-statement/,2026-09-01T00:00:00Z
VNM,Viet Nam,ipd_alignment_score_us_china_axis_2023_allvotes,-0.815727,2023,"Airaudo, F.S., de Soyres, F., Richards, K. & Santacreu, A.M. (2025). ""Fragmentation? Revisiting the Ideal Point Distance measure of geopolitical distance."" FEDS Notes, Board of Governors of the Federal Reserve System, March 21, 2025, doi:10.17016/2380-7172.3749. Table/Figure 1 accessible-data version.",https://federalreserve.gov/econres/notes/feds-notes/fragmentation-revisiting-the-ideal-point-distance-measure-of-geopolitical-distance-accessible-20250321.htm,2026-09-01T00:00:00Z
VNM,Viet Nam,ipd_alignment_score_us_china_axis_2021_allvotes,-0.759413,2021,"Airaudo, F.S., de Soyres, F., Richards, K. & Santacreu, A.M. (2025). ""Fragmentation? Revisiting the Ideal Point Distance measure of geopolitical distance."" FEDS Notes, Board of Governors of the Federal Reserve System, March 21, 2025, doi:10.17016/2380-7172.3749. Table/Figure 1 accessible-data version.",https://federalreserve.gov/econres/notes/feds-notes/fragmentation-revisiting-the-ideal-point-distance-measure-of-geopolitical-distance-accessible-20250321.htm,2026-09-01T00:00:00Z
VNM,Viet Nam,ipd_alignment_score_us_china_axis_2021_econvotes,-0.595929,2021,"Airaudo, F.S., de Soyres, F., Richards, K. & Santacreu, A.M. (2025). ""Fragmentation? Revisiting the Ideal Point Distance measure of geopolitical distance."" FEDS Notes, Board of Governors of the Federal Reserve System, March 21, 2025, doi:10.17016/2380-7172.3749. Table/Figure 1 accessible-data version.",https://federalreserve.gov/econres/notes/feds-notes/fragmentation-revisiting-the-ideal-point-distance-measure-of-geopolitical-distance-accessible-20250321.htm,2026-09-01T00:00:00Z
VNM,Viet Nam,ipd_alignment_score_us_china_axis_2021_allvotes_post1990,-0.769120,2021,"Airaudo, F.S., de Soyres, F., Richards, K. & Santacreu, A.M. (2025). ""Fragmentation? Revisiting the Ideal Point Distance measure of geopolitical distance."" FEDS Notes, Board of Governors of the Federal Reserve System, March 21, 2025, doi:10.17016/2380-7172.3749. Table/Figure 1 accessible-data version.",https://federalreserve.gov/econres/notes/feds-notes/fragmentation-revisiting-the-ideal-point-distance-measure-of-geopolitical-distance-accessible-20250321.htm,2026-09-01T00:00:00Z
VNM,Viet Nam,member_CPTPP,1,2026,"Wikipedia, ""Member states of the Comprehensive and Progressive Agreement for Trans-Pacific Partnership"" (compiled from official accession instruments); cross-check: Global Affairs Canada CPTPP page.",https://en.wikipedia.org/wiki/Member_states_of_the_Comprehensive_and_Progressive_Agreement_for_Trans-Pacific_Partnership,2026-09-01T00:00:00Z
VNM,Viet Nam,member_RCEP,1,2026,"Wikipedia, ""Regional Comprehensive Economic Partnership""; cross-check: DFAT Australia RCEP page.",https://en.wikipedia.org/wiki/Regional_Comprehensive_Economic_Partnership,2026-09-01T00:00:00Z
VNM,Viet Nam,member_IPEF,1,2026,"Wikipedia, ""Indo-Pacific Economic Framework""; cross-check: USTR IPEF page.",https://en.wikipedia.org/wiki/Indo-Pacific_Economic_Framework,2026-09-01T00:00:00Z
VNM,Viet Nam,member_USMCA,0,2026,"USTR, Agreement between the United States, Mexico and Canada (USMCA), in force since 1 July 2020.",https://ustr.gov/trade-agreements/free-trade-agreements/agreement-between-united-states-mexico-and-canada-usmca,2026-09-01T00:00:00Z
VNM,Viet Nam,member_EU,0,2026,"European Union, official list of member states.",https://european-union.europa.eu/principles-countries-history/country-profiles_en,2026-09-01T00:00:00Z
VNM,Viet Nam,member_NATO,0,2026,"NATO, official member countries page.",https://www.nato.int/en/about-us/organization/nato-member-countries,2026-09-01T00:00:00Z
VNM,Viet Nam,member_QUAD,0,2026,"U.S. Department of State, Quadrilateral Security Dialogue (Australia, India, Japan, United States).",https://www.state.gov/quad-countries-joint-leaders-statement/,2026-09-01T00:00:00Z
MEX,Mexico,ipd_alignment_score_us_china_axis_2023_allvotes,-0.454372,2023,"Airaudo, F.S., de Soyres, F., Richards, K. & Santacreu, A.M. (2025). ""Fragmentation? Revisiting the Ideal Point Distance measure of geopolitical distance."" FEDS Notes, Board of Governors of the Federal Reserve System, March 21, 2025, doi:10.17016/2380-7172.3749. Table/Figure 1 accessible-data version.",https://federalreserve.gov/econres/notes/feds-notes/fragmentation-revisiting-the-ideal-point-distance-measure-of-geopolitical-distance-accessible-20250321.htm,2026-09-01T00:00:00Z
MEX,Mexico,ipd_alignment_score_us_china_axis_2021_allvotes,-0.884339,2021,"Airaudo, F.S., de Soyres, F., Richards, K. & Santacreu, A.M. (2025). ""Fragmentation? Revisiting the Ideal Point Distance measure of geopolitical distance."" FEDS Notes, Board of Governors of the Federal Reserve System, March 21, 2025, doi:10.17016/2380-7172.3749. Table/Figure 1 accessible-data version.",https://federalreserve.gov/econres/notes/feds-notes/fragmentation-revisiting-the-ideal-point-distance-measure-of-geopolitical-distance-accessible-20250321.htm,2026-09-01T00:00:00Z
MEX,Mexico,ipd_alignment_score_us_china_axis_2021_econvotes,-0.614254,2021,"Airaudo, F.S., de Soyres, F., Richards, K. & Santacreu, A.M. (2025). ""Fragmentation? Revisiting the Ideal Point Distance measure of geopolitical distance."" FEDS Notes, Board of Governors of the Federal Reserve System, March 21, 2025, doi:10.17016/2380-7172.3749. Table/Figure 1 accessible-data version.",https://federalreserve.gov/econres/notes/feds-notes/fragmentation-revisiting-the-ideal-point-distance-measure-of-geopolitical-distance-accessible-20250321.htm,2026-09-01T00:00:00Z
MEX,Mexico,ipd_alignment_score_us_china_axis_2021_allvotes_post1990,-0.881894,2021,"Airaudo, F.S., de Soyres, F., Richards, K. & Santacreu, A.M. (2025). ""Fragmentation? Revisiting the Ideal Point Distance measure of geopolitical distance."" FEDS Notes, Board of Governors of the Federal Reserve System, March 21, 2025, doi:10.17016/2380-7172.3749. Table/Figure 1 accessible-data version.",https://federalreserve.gov/econres/notes/feds-notes/fragmentation-revisiting-the-ideal-point-distance-measure-of-geopolitical-distance-accessible-20250321.htm,2026-09-01T00:00:00Z
MEX,Mexico,member_CPTPP,1,2026,"Wikipedia, ""Member states of the Comprehensive and Progressive Agreement for Trans-Pacific Partnership"" (compiled from official accession instruments); cross-check: Global Affairs Canada CPTPP page.",https://en.wikipedia.org/wiki/Member_states_of_the_Comprehensive_and_Progressive_Agreement_for_Trans-Pacific_Partnership,2026-09-01T00:00:00Z
MEX,Mexico,member_RCEP,0,2026,"Wikipedia, ""Regional Comprehensive Economic Partnership""; cross-check: DFAT Australia RCEP page.",https://en.wikipedia.org/wiki/Regional_Comprehensive_Economic_Partnership,2026-09-01T00:00:00Z
MEX,Mexico,member_IPEF,0,2026,"Wikipedia, ""Indo-Pacific Economic Framework""; cross-check: USTR IPEF page.",https://en.wikipedia.org/wiki/Indo-Pacific_Economic_Framework,2026-09-01T00:00:00Z
MEX,Mexico,member_USMCA,1,2026,"USTR, Agreement between the United States, Mexico and Canada (USMCA), in force since 1 July 2020.",https://ustr.gov/trade-agreements/free-trade-agreements/agreement-between-united-states-mexico-and-canada-usmca,2026-09-01T00:00:00Z
MEX,Mexico,member_EU,0,2026,"European Union, official list of member states.",https://european-union.europa.eu/principles-countries-history/country-profiles_en,2026-09-01T00:00:00Z
MEX,Mexico,member_NATO,0,2026,"NATO, official member countries page.",https://www.nato.int/en/about-us/organization/nato-member-countries,2026-09-01T00:00:00Z
MEX,Mexico,member_QUAD,0,2026,"U.S. Department of State, Quadrilateral Security Dialogue (Australia, India, Japan, United States).",https://www.state.gov/quad-countries-joint-leaders-statement/,2026-09-01T00:00:00Z
THA,Thailand,ipd_alignment_score_us_china_axis_2023_allvotes,-0.658222,2023,"Airaudo, F.S., de Soyres, F., Richards, K. & Santacreu, A.M. (2025). ""Fragmentation? Revisiting the Ideal Point Distance measure of geopolitical distance."" FEDS Notes, Board of Governors of the Federal Reserve System, March 21, 2025, doi:10.17016/2380-7172.3749. Table/Figure 1 accessible-data version.",https://federalreserve.gov/econres/notes/feds-notes/fragmentation-revisiting-the-ideal-point-distance-measure-of-geopolitical-distance-accessible-20250321.htm,2026-09-01T00:00:00Z
THA,Thailand,ipd_alignment_score_us_china_axis_2021_allvotes,-0.957023,2021,"Airaudo, F.S., de Soyres, F., Richards, K. & Santacreu, A.M. (2025). ""Fragmentation? Revisiting the Ideal Point Distance measure of geopolitical distance."" FEDS Notes, Board of Governors of the Federal Reserve System, March 21, 2025, doi:10.17016/2380-7172.3749. Table/Figure 1 accessible-data version.",https://federalreserve.gov/econres/notes/feds-notes/fragmentation-revisiting-the-ideal-point-distance-measure-of-geopolitical-distance-accessible-20250321.htm,2026-09-01T00:00:00Z
THA,Thailand,ipd_alignment_score_us_china_axis_2021_econvotes,-0.832658,2021,"Airaudo, F.S., de Soyres, F., Richards, K. & Santacreu, A.M. (2025). ""Fragmentation? Revisiting the Ideal Point Distance measure of geopolitical distance."" FEDS Notes, Board of Governors of the Federal Reserve System, March 21, 2025, doi:10.17016/2380-7172.3749. Table/Figure 1 accessible-data version.",https://federalreserve.gov/econres/notes/feds-notes/fragmentation-revisiting-the-ideal-point-distance-measure-of-geopolitical-distance-accessible-20250321.htm,2026-09-01T00:00:00Z
THA,Thailand,ipd_alignment_score_us_china_axis_2021_allvotes_post1990,-0.952674,2021,"Airaudo, F.S., de Soyres, F., Richards, K. & Santacreu, A.M. (2025). ""Fragmentation? Revisiting the Ideal Point Distance measure of geopolitical distance."" FEDS Notes, Board of Governors of the Federal Reserve System, March 21, 2025, doi:10.17016/2380-7172.3749. Table/Figure 1 accessible-data version.",https://federalreserve.gov/econres/notes/feds-notes/fragmentation-revisiting-the-ideal-point-distance-measure-of-geopolitical-distance-accessible-20250321.htm,2026-09-01T00:00:00Z
THA,Thailand,member_CPTPP,0,2026,"Wikipedia, ""Member states of the Comprehensive and Progressive Agreement for Trans-Pacific Partnership"" (compiled from official accession instruments); cross-check: Global Affairs Canada CPTPP page.",https://en.wikipedia.org/wiki/Member_states_of_the_Comprehensive_and_Progressive_Agreement_for_Trans-Pacific_Partnership,2026-09-01T00:00:00Z
THA,Thailand,member_RCEP,1,2026,"Wikipedia, ""Regional Comprehensive Economic Partnership""; cross-check: DFAT Australia RCEP page.",https://en.wikipedia.org/wiki/Regional_Comprehensive_Economic_Partnership,2026-09-01T00:00:00Z
THA,Thailand,member_IPEF,1,2026,"Wikipedia, ""Indo-Pacific Economic Framework""; cross-check: USTR IPEF page.",https://en.wikipedia.org/wiki/Indo-Pacific_Economic_Framework,2026-09-01T00:00:00Z
THA,Thailand,member_USMCA,0,2026,"USTR, Agreement between the United States, Mexico and Canada (USMCA), in force since 1 July 2020.",https://ustr.gov/trade-agreements/free-trade-agreements/agreement-between-united-states-mexico-and-canada-usmca,2026-09-01T00:00:00Z
THA,Thailand,member_EU,0,2026,"European Union, official list of member states.",https://european-union.europa.eu/principles-countries-history/country-profiles_en,2026-09-01T00:00:00Z
THA,Thailand,member_NATO,0,2026,"NATO, official member countries page.",https://www.nato.int/en/about-us/organization/nato-member-countries,2026-09-01T00:00:00Z
THA,Thailand,member_QUAD,0,2026,"U.S. Department of State, Quadrilateral Security Dialogue (Australia, India, Japan, United States).",https://www.state.gov/quad-countries-joint-leaders-statement/,2026-09-01T00:00:00Z
IDN,Indonesia,ipd_alignment_score_us_china_axis_2023_allvotes,-0.925872,2023,"Airaudo, F.S., de Soyres, F., Richards, K. & Santacreu, A.M. (2025). ""Fragmentation? Revisiting the Ideal Point Distance measure of geopolitical distance."" FEDS Notes, Board of Governors of the Federal Reserve System, March 21, 2025, doi:10.17016/2380-7172.3749. Table/Figure 1 accessible-data version.",https://federalreserve.gov/econres/notes/feds-notes/fragmentation-revisiting-the-ideal-point-distance-measure-of-geopolitical-distance-accessible-20250321.htm,2026-09-01T00:00:00Z
IDN,Indonesia,ipd_alignment_score_us_china_axis_2021_allvotes,-0.700054,2021,"Airaudo, F.S., de Soyres, F., Richards, K. & Santacreu, A.M. (2025). ""Fragmentation? Revisiting the Ideal Point Distance measure of geopolitical distance."" FEDS Notes, Board of Governors of the Federal Reserve System, March 21, 2025, doi:10.17016/2380-7172.3749. Table/Figure 1 accessible-data version.",https://federalreserve.gov/econres/notes/feds-notes/fragmentation-revisiting-the-ideal-point-distance-measure-of-geopolitical-distance-accessible-20250321.htm,2026-09-01T00:00:00Z
IDN,Indonesia,ipd_alignment_score_us_china_axis_2021_econvotes,-0.564333,2021,"Airaudo, F.S., de Soyres, F., Richards, K. & Santacreu, A.M. (2025). ""Fragmentation? Revisiting the Ideal Point Distance measure of geopolitical distance."" FEDS Notes, Board of Governors of the Federal Reserve System, March 21, 2025, doi:10.17016/2380-7172.3749. Table/Figure 1 accessible-data version.",https://federalreserve.gov/econres/notes/feds-notes/fragmentation-revisiting-the-ideal-point-distance-measure-of-geopolitical-distance-accessible-20250321.htm,2026-09-01T00:00:00Z
IDN,Indonesia,ipd_alignment_score_us_china_axis_2021_allvotes_post1990,-0.694052,2021,"Airaudo, F.S., de Soyres, F., Richards, K. & Santacreu, A.M. (2025). ""Fragmentation? Revisiting the Ideal Point Distance measure of geopolitical distance."" FEDS Notes, Board of Governors of the Federal Reserve System, March 21, 2025, doi:10.17016/2380-7172.3749. Table/Figure 1 accessible-data version.",https://federalreserve.gov/econres/notes/feds-notes/fragmentation-revisiting-the-ideal-point-distance-measure-of-geopolitical-distance-accessible-20250321.htm,2026-09-01T00:00:00Z
IDN,Indonesia,member_CPTPP,0,2026,"Wikipedia, ""Member states of the Comprehensive and Progressive Agreement for Trans-Pacific Partnership"" (compiled from official accession instruments); cross-check: Global Affairs Canada CPTPP page.",https://en.wikipedia.org/wiki/Member_states_of_the_Comprehensive_and_Progressive_Agreement_for_Trans-Pacific_Partnership,2026-09-01T00:00:00Z
IDN,Indonesia,member_RCEP,1,2026,"Wikipedia, ""Regional Comprehensive Economic Partnership""; cross-check: DFAT Australia RCEP page.",https://en.wikipedia.org/wiki/Regional_Comprehensive_Economic_Partnership,2026-09-01T00:00:00Z
IDN,Indonesia,member_IPEF,1,2026,"Wikipedia, ""Indo-Pacific Economic Framework""; cross-check: USTR IPEF page.",https://en.wikipedia.org/wiki/Indo-Pacific_Economic_Framework,2026-09-01T00:00:00Z
IDN,Indonesia,member_USMCA,0,2026,"USTR, Agreement between the United States, Mexico and Canada (USMCA), in force since 1 July 2020.",https://ustr.gov/trade-agreements/free-trade-agreements/agreement-between-united-states-mexico-and-canada-usmca,2026-09-01T00:00:00Z
IDN,Indonesia,member_EU,0,2026,"European Union, official list of member states.",https://european-union.europa.eu/principles-countries-history/country-profiles_en,2026-09-01T00:00:00Z
IDN,Indonesia,member_NATO,0,2026,"NATO, official member countries page.",https://www.nato.int/en/about-us/organization/nato-member-countries,2026-09-01T00:00:00Z
IDN,Indonesia,member_QUAD,0,2026,"U.S. Department of State, Quadrilateral Security Dialogue (Australia, India, Japan, United States).",https://www.state.gov/quad-countries-joint-leaders-statement/,2026-09-01T00:00:00Z
MYS,Malaysia,ipd_alignment_score_us_china_axis_2023_allvotes,-0.843530,2023,"Airaudo, F.S., de Soyres, F., Richards, K. & Santacreu, A.M. (2025). ""Fragmentation? Revisiting the Ideal Point Distance measure of geopolitical distance."" FEDS Notes, Board of Governors of the Federal Reserve System, March 21, 2025, doi:10.17016/2380-7172.3749. Table/Figure 1 accessible-data version.",https://federalreserve.gov/econres/notes/feds-notes/fragmentation-revisiting-the-ideal-point-distance-measure-of-geopolitical-distance-accessible-20250321.htm,2026-09-01T00:00:00Z
MYS,Malaysia,ipd_alignment_score_us_china_axis_2021_allvotes,-0.777220,2021,"Airaudo, F.S., de Soyres, F., Richards, K. & Santacreu, A.M. (2025). ""Fragmentation? Revisiting the Ideal Point Distance measure of geopolitical distance."" FEDS Notes, Board of Governors of the Federal Reserve System, March 21, 2025, doi:10.17016/2380-7172.3749. Table/Figure 1 accessible-data version.",https://federalreserve.gov/econres/notes/feds-notes/fragmentation-revisiting-the-ideal-point-distance-measure-of-geopolitical-distance-accessible-20250321.htm,2026-09-01T00:00:00Z
MYS,Malaysia,ipd_alignment_score_us_china_axis_2021_econvotes,-0.591315,2021,"Airaudo, F.S., de Soyres, F., Richards, K. & Santacreu, A.M. (2025). ""Fragmentation? Revisiting the Ideal Point Distance measure of geopolitical distance."" FEDS Notes, Board of Governors of the Federal Reserve System, March 21, 2025, doi:10.17016/2380-7172.3749. Table/Figure 1 accessible-data version.",https://federalreserve.gov/econres/notes/feds-notes/fragmentation-revisiting-the-ideal-point-distance-measure-of-geopolitical-distance-accessible-20250321.htm,2026-09-01T00:00:00Z
MYS,Malaysia,ipd_alignment_score_us_china_axis_2021_allvotes_post1990,-0.771892,2021,"Airaudo, F.S., de Soyres, F., Richards, K. & Santacreu, A.M. (2025). ""Fragmentation? Revisiting the Ideal Point Distance measure of geopolitical distance."" FEDS Notes, Board of Governors of the Federal Reserve System, March 21, 2025, doi:10.17016/2380-7172.3749. Table/Figure 1 accessible-data version.",https://federalreserve.gov/econres/notes/feds-notes/fragmentation-revisiting-the-ideal-point-distance-measure-of-geopolitical-distance-accessible-20250321.htm,2026-09-01T00:00:00Z
MYS,Malaysia,member_CPTPP,1,2026,"Wikipedia, ""Member states of the Comprehensive and Progressive Agreement for Trans-Pacific Partnership"" (compiled from official accession instruments); cross-check: Global Affairs Canada CPTPP page.",https://en.wikipedia.org/wiki/Member_states_of_the_Comprehensive_and_Progressive_Agreement_for_Trans-Pacific_Partnership,2026-09-01T00:00:00Z
MYS,Malaysia,member_RCEP,1,2026,"Wikipedia, ""Regional Comprehensive Economic Partnership""; cross-check: DFAT Australia RCEP page.",https://en.wikipedia.org/wiki/Regional_Comprehensive_Economic_Partnership,2026-09-01T00:00:00Z
MYS,Malaysia,member_IPEF,1,2026,"Wikipedia, ""Indo-Pacific Economic Framework""; cross-check: USTR IPEF page.",https://en.wikipedia.org/wiki/Indo-Pacific_Economic_Framework,2026-09-01T00:00:00Z
MYS,Malaysia,member_USMCA,0,2026,"USTR, Agreement between the United States, Mexico and Canada (USMCA), in force since 1 July 2020.",https://ustr.gov/trade-agreements/free-trade-agreements/agreement-between-united-states-mexico-and-canada-usmca,2026-09-01T00:00:00Z
MYS,Malaysia,member_EU,0,2026,"European Union, official list of member states.",https://european-union.europa.eu/principles-countries-history/country-profiles_en,2026-09-01T00:00:00Z
MYS,Malaysia,member_NATO,0,2026,"NATO, official member countries page.",https://www.nato.int/en/about-us/organization/nato-member-countries,2026-09-01T00:00:00Z
MYS,Malaysia,member_QUAD,0,2026,"U.S. Department of State, Quadrilateral Security Dialogue (Australia, India, Japan, United States).",https://www.state.gov/quad-countries-joint-leaders-statement/,2026-09-01T00:00:00Z
BRA,Brazil,ipd_alignment_score_us_china_axis_2023_allvotes,-0.647559,2023,"Airaudo, F.S., de Soyres, F., Richards, K. & Santacreu, A.M. (2025). ""Fragmentation? Revisiting the Ideal Point Distance measure of geopolitical distance."" FEDS Notes, Board of Governors of the Federal Reserve System, March 21, 2025, doi:10.17016/2380-7172.3749. Table/Figure 1 accessible-data version.",https://federalreserve.gov/econres/notes/feds-notes/fragmentation-revisiting-the-ideal-point-distance-measure-of-geopolitical-distance-accessible-20250321.htm,2026-09-01T00:00:00Z
BRA,Brazil,ipd_alignment_score_us_china_axis_2021_allvotes,-0.742720,2021,"Airaudo, F.S., de Soyres, F., Richards, K. & Santacreu, A.M. (2025). ""Fragmentation? Revisiting the Ideal Point Distance measure of geopolitical distance."" FEDS Notes, Board of Governors of the Federal Reserve System, March 21, 2025, doi:10.17016/2380-7172.3749. Table/Figure 1 accessible-data version.",https://federalreserve.gov/econres/notes/feds-notes/fragmentation-revisiting-the-ideal-point-distance-measure-of-geopolitical-distance-accessible-20250321.htm,2026-09-01T00:00:00Z
BRA,Brazil,ipd_alignment_score_us_china_axis_2021_econvotes,-0.929647,2021,"Airaudo, F.S., de Soyres, F., Richards, K. & Santacreu, A.M. (2025). ""Fragmentation? Revisiting the Ideal Point Distance measure of geopolitical distance."" FEDS Notes, Board of Governors of the Federal Reserve System, March 21, 2025, doi:10.17016/2380-7172.3749. Table/Figure 1 accessible-data version.",https://federalreserve.gov/econres/notes/feds-notes/fragmentation-revisiting-the-ideal-point-distance-measure-of-geopolitical-distance-accessible-20250321.htm,2026-09-01T00:00:00Z
BRA,Brazil,ipd_alignment_score_us_china_axis_2021_allvotes_post1990,-0.738845,2021,"Airaudo, F.S., de Soyres, F., Richards, K. & Santacreu, A.M. (2025). ""Fragmentation? Revisiting the Ideal Point Distance measure of geopolitical distance."" FEDS Notes, Board of Governors of the Federal Reserve System, March 21, 2025, doi:10.17016/2380-7172.3749. Table/Figure 1 accessible-data version.",https://federalreserve.gov/econres/notes/feds-notes/fragmentation-revisiting-the-ideal-point-distance-measure-of-geopolitical-distance-accessible-20250321.htm,2026-09-01T00:00:00Z
BRA,Brazil,member_CPTPP,0,2026,"Wikipedia, ""Member states of the Comprehensive and Progressive Agreement for Trans-Pacific Partnership"" (compiled from official accession instruments); cross-check: Global Affairs Canada CPTPP page.",https://en.wikipedia.org/wiki/Member_states_of_the_Comprehensive_and_Progressive_Agreement_for_Trans-Pacific_Partnership,2026-09-01T00:00:00Z
BRA,Brazil,member_RCEP,0,2026,"Wikipedia, ""Regional Comprehensive Economic Partnership""; cross-check: DFAT Australia RCEP page.",https://en.wikipedia.org/wiki/Regional_Comprehensive_Economic_Partnership,2026-09-01T00:00:00Z
BRA,Brazil,member_IPEF,0,2026,"Wikipedia, ""Indo-Pacific Economic Framework""; cross-check: USTR IPEF page.",https://en.wikipedia.org/wiki/Indo-Pacific_Economic_Framework,2026-09-01T00:00:00Z
BRA,Brazil,member_USMCA,0,2026,"USTR, Agreement between the United States, Mexico and Canada (USMCA), in force since 1 July 2020.",https://ustr.gov/trade-agreements/free-trade-agreements/agreement-between-united-states-mexico-and-canada-usmca,2026-09-01T00:00:00Z
BRA,Brazil,member_EU,0,2026,"European Union, official list of member states.",https://european-union.europa.eu/principles-countries-history/country-profiles_en,2026-09-01T00:00:00Z
BRA,Brazil,member_NATO,0,2026,"NATO, official member countries page.",https://www.nato.int/en/about-us/organization/nato-member-countries,2026-09-01T00:00:00Z
BRA,Brazil,member_QUAD,0,2026,"U.S. Department of State, Quadrilateral Security Dialogue (Australia, India, Japan, United States).",https://www.state.gov/quad-countries-joint-leaders-statement/,2026-09-01T00:00:00Z
CAN,Canada,ipd_alignment_score_us_china_axis_2023_allvotes,0.394745,2023,"Airaudo, F.S., de Soyres, F., Richards, K. & Santacreu, A.M. (2025). ""Fragmentation? Revisiting the Ideal Point Distance measure of geopolitical distance."" FEDS Notes, Board of Governors of the Federal Reserve System, March 21, 2025, doi:10.17016/2380-7172.3749. Table/Figure 1 accessible-data version.",https://federalreserve.gov/econres/notes/feds-notes/fragmentation-revisiting-the-ideal-point-distance-measure-of-geopolitical-distance-accessible-20250321.htm,2026-09-01T00:00:00Z
CAN,Canada,ipd_alignment_score_us_china_axis_2021_allvotes,0.109510,2021,"Airaudo, F.S., de Soyres, F., Richards, K. & Santacreu, A.M. (2025). ""Fragmentation? Revisiting the Ideal Point Distance measure of geopolitical distance."" FEDS Notes, Board of Governors of the Federal Reserve System, March 21, 2025, doi:10.17016/2380-7172.3749. Table/Figure 1 accessible-data version.",https://federalreserve.gov/econres/notes/feds-notes/fragmentation-revisiting-the-ideal-point-distance-measure-of-geopolitical-distance-accessible-20250321.htm,2026-09-01T00:00:00Z
CAN,Canada,ipd_alignment_score_us_china_axis_2021_econvotes,0.046187,2021,"Airaudo, F.S., de Soyres, F., Richards, K. & Santacreu, A.M. (2025). ""Fragmentation? Revisiting the Ideal Point Distance measure of geopolitical distance."" FEDS Notes, Board of Governors of the Federal Reserve System, March 21, 2025, doi:10.17016/2380-7172.3749. Table/Figure 1 accessible-data version.",https://federalreserve.gov/econres/notes/feds-notes/fragmentation-revisiting-the-ideal-point-distance-measure-of-geopolitical-distance-accessible-20250321.htm,2026-09-01T00:00:00Z
CAN,Canada,ipd_alignment_score_us_china_axis_2021_allvotes_post1990,0.133890,2021,"Airaudo, F.S., de Soyres, F., Richards, K. & Santacreu, A.M. (2025). ""Fragmentation? Revisiting the Ideal Point Distance measure of geopolitical distance."" FEDS Notes, Board of Governors of the Federal Reserve System, March 21, 2025, doi:10.17016/2380-7172.3749. Table/Figure 1 accessible-data version.",https://federalreserve.gov/econres/notes/feds-notes/fragmentation-revisiting-the-ideal-point-distance-measure-of-geopolitical-distance-accessible-20250321.htm,2026-09-01T00:00:00Z
CAN,Canada,member_CPTPP,1,2026,"Wikipedia, ""Member states of the Comprehensive and Progressive Agreement for Trans-Pacific Partnership"" (compiled from official accession instruments); cross-check: Global Affairs Canada CPTPP page.",https://en.wikipedia.org/wiki/Member_states_of_the_Comprehensive_and_Progressive_Agreement_for_Trans-Pacific_Partnership,2026-09-01T00:00:00Z
CAN,Canada,member_RCEP,0,2026,"Wikipedia, ""Regional Comprehensive Economic Partnership""; cross-check: DFAT Australia RCEP page.",https://en.wikipedia.org/wiki/Regional_Comprehensive_Economic_Partnership,2026-09-01T00:00:00Z
CAN,Canada,member_IPEF,0,2026,"Wikipedia, ""Indo-Pacific Economic Framework""; cross-check: USTR IPEF page.",https://en.wikipedia.org/wiki/Indo-Pacific_Economic_Framework,2026-09-01T00:00:00Z
CAN,Canada,member_USMCA,1,2026,"USTR, Agreement between the United States, Mexico and Canada (USMCA), in force since 1 July 2020.",https://ustr.gov/trade-agreements/free-trade-agreements/agreement-between-united-states-mexico-and-canada-usmca,2026-09-01T00:00:00Z
CAN,Canada,member_EU,0,2026,"European Union, official list of member states.",https://european-union.europa.eu/principles-countries-history/country-profiles_en,2026-09-01T00:00:00Z
CAN,Canada,member_NATO,1,2026,"NATO, official member countries page.",https://www.nato.int/en/about-us/organization/nato-member-countries,2026-09-01T00:00:00Z
CAN,Canada,member_QUAD,0,2026,"U.S. Department of State, Quadrilateral Security Dialogue (Australia, India, Japan, United States).",https://www.state.gov/quad-countries-joint-leaders-statement/,2026-09-01T00:00:00Z
SGP,Singapore,ipd_alignment_score_us_china_axis_2023_allvotes,-0.665092,2023,"Airaudo, F.S., de Soyres, F., Richards, K. & Santacreu, A.M. (2025). ""Fragmentation? Revisiting the Ideal Point Distance measure of geopolitical distance."" FEDS Notes, Board of Governors of the Federal Reserve System, March 21, 2025, doi:10.17016/2380-7172.3749. Table/Figure 1 accessible-data version.",https://federalreserve.gov/econres/notes/feds-notes/fragmentation-revisiting-the-ideal-point-distance-measure-of-geopolitical-distance-accessible-20250321.htm,2026-09-01T00:00:00Z
SGP,Singapore,ipd_alignment_score_us_china_axis_2021_allvotes,-0.920025,2021,"Airaudo, F.S., de Soyres, F., Richards, K. & Santacreu, A.M. (2025). ""Fragmentation? Revisiting the Ideal Point Distance measure of geopolitical distance."" FEDS Notes, Board of Governors of the Federal Reserve System, March 21, 2025, doi:10.17016/2380-7172.3749. Table/Figure 1 accessible-data version.",https://federalreserve.gov/econres/notes/feds-notes/fragmentation-revisiting-the-ideal-point-distance-measure-of-geopolitical-distance-accessible-20250321.htm,2026-09-01T00:00:00Z
SGP,Singapore,ipd_alignment_score_us_china_axis_2021_econvotes,-0.797100,2021,"Airaudo, F.S., de Soyres, F., Richards, K. & Santacreu, A.M. (2025). ""Fragmentation? Revisiting the Ideal Point Distance measure of geopolitical distance."" FEDS Notes, Board of Governors of the Federal Reserve System, March 21, 2025, doi:10.17016/2380-7172.3749. Table/Figure 1 accessible-data version.",https://federalreserve.gov/econres/notes/feds-notes/fragmentation-revisiting-the-ideal-point-distance-measure-of-geopolitical-distance-accessible-20250321.htm,2026-09-01T00:00:00Z
SGP,Singapore,ipd_alignment_score_us_china_axis_2021_allvotes_post1990,-0.924577,2021,"Airaudo, F.S., de Soyres, F., Richards, K. & Santacreu, A.M. (2025). ""Fragmentation? Revisiting the Ideal Point Distance measure of geopolitical distance."" FEDS Notes, Board of Governors of the Federal Reserve System, March 21, 2025, doi:10.17016/2380-7172.3749. Table/Figure 1 accessible-data version.",https://federalreserve.gov/econres/notes/feds-notes/fragmentation-revisiting-the-ideal-point-distance-measure-of-geopolitical-distance-accessible-20250321.htm,2026-09-01T00:00:00Z
SGP,Singapore,member_CPTPP,1,2026,"Wikipedia, ""Member states of the Comprehensive and Progressive Agreement for Trans-Pacific Partnership"" (compiled from official accession instruments); cross-check: Global Affairs Canada CPTPP page.",https://en.wikipedia.org/wiki/Member_states_of_the_Comprehensive_and_Progressive_Agreement_for_Trans-Pacific_Partnership,2026-09-01T00:00:00Z
SGP,Singapore,member_RCEP,1,2026,"Wikipedia, ""Regional Comprehensive Economic Partnership""; cross-check: DFAT Australia RCEP page.",https://en.wikipedia.org/wiki/Regional_Comprehensive_Economic_Partnership,2026-09-01T00:00:00Z
SGP,Singapore,member_IPEF,1,2026,"Wikipedia, ""Indo-Pacific Economic Framework""; cross-check: USTR IPEF page.",https://en.wikipedia.org/wiki/Indo-Pacific_Economic_Framework,2026-09-01T00:00:00Z
SGP,Singapore,member_USMCA,0,2026,"USTR, Agreement between the United States, Mexico and Canada (USMCA), in force since 1 July 2020.",https://ustr.gov/trade-agreements/free-trade-agreements/agreement-between-united-states-mexico-and-canada-usmca,2026-09-01T00:00:00Z
SGP,Singapore,member_EU,0,2026,"European Union, official list of member states.",https://european-union.europa.eu/principles-countries-history/country-profiles_en,2026-09-01T00:00:00Z
SGP,Singapore,member_NATO,0,2026,"NATO, official member countries page.",https://www.nato.int/en/about-us/organization/nato-member-countries,2026-09-01T00:00:00Z
SGP,Singapore,member_QUAD,0,2026,"U.S. Department of State, Quadrilateral Security Dialogue (Australia, India, Japan, United States).",https://www.state.gov/quad-countries-joint-leaders-statement/,2026-09-01T00:00:00Z
